<?xml version="1.0" encoding="UTF-8"?>
<!DOCTYPE mapper PUBLIC "-//mybatis.org//DTD Mapper 3.0//EN" "http://mybatis.org/dtd/mybatis-3-mapper.dtd">
<mapper namespace="com.tmall.springboottmall.dao.SysUserMapper">
  <resultMap id="BaseResultMap" type="com.tmall.springboottmall.pojo.SysUser">
    <id column="id" jdbcType="INTEGER" property="id" />
    <result column="user_name" jdbcType="VARCHAR" property="userName" />
    <result column="password" jdbcType="VARCHAR" property="password" />
    <result column="salt" jdbcType="VARCHAR" property="salt" />
    <result column="telphone" jdbcType="VARCHAR" property="telphone" />
    <result column="age" jdbcType="INTEGER" property="age" />
    <result column="gender" jdbcType="VARCHAR" property="gender" />
    <result column="register_mode" jdbcType="VARCHAR" property="registerMode" />
    <result column="third_party_id" jdbcType="VARCHAR" property="thirdPartyId" />
  </resultMap>
  <sql id="Base_Column_List">
    id, user_name, password, salt, telphone, age, gender, register_mode, third_party_id
  </sql>
  
  <select id="findData" resultMap="BaseResultMap">
    select id,user_name,password from sys_user
  </select>
  
  <select id="selectByPrimaryKey" parameterType="java.lang.Integer" resultMap="BaseResultMap">
    select 
    <include refid="Base_Column_List" />
    from sys_user
    where id = #{id,jdbcType=INTEGER}
  </select>
    <select id="selectByTelphone"   resultMap="BaseResultMap">
    select 
    <include refid="Base_Column_List" />
    from sys_user
    where telphone = #{telphone,jdbcType=VARCHAR}
  </select>
  <delete id="deleteByPrimaryKey" parameterType="java.lang.Integer">
    delete from sys_user
    where id = #{id,jdbcType=INTEGER}
  </delete>
  <insert id="insert" parameterType="com.tmall.springboottmall.pojo.SysUser">
    insert into sys_user (id, user_name, password, 
      salt, telphone, age, 
      gender, register_mode, third_party_id
      )
    values (#{id,jdbcType=INTEGER}, #{userName,jdbcType=VARCHAR}, #{password,jdbcType=VARCHAR}, 
      #{salt,jdbcType=VARCHAR}, #{telphone,jdbcType=VARCHAR}, #{age,jdbcType=INTEGER}, 
      #{gender,jdbcType=VARCHAR}, #{registerMode,jdbcType=VARCHAR}, #{thirdPartyId,jdbcType=VARCHAR}
      )
  </insert>
  <insert id="insertSelective" parameterType="com.tmall.springboottmall.pojo.SysUser">
    insert into sys_user
    <trim prefix="(" suffix=")" suffixOverrides=",">
      <if test="id != null">
        id,
      </if>
      <if test="userName != null">
        user_name,
      </if>
      <if test="password != null">
        password,
      </if>
      <if test="salt != null">
        salt,
      </if>
      <if test="telphone != null">
        telphone,
      </if>
      <if test="age != null">
        age,
      </if>
      <if test="gender != null">
        gender,
      </if>
      <if test="registerMode != null">
        register_mode,
      </if>
      <if test="thirdPartyId != null">
        third_party_id,
      </if>
    </trim>
    <trim prefix="values (" suffix=")" suffixOverrides=",">
      <if test="id != null">
        #{id,jdbcType=INTEGER},
      </if>
      <if test="userName != null">
        #{userName,jdbcType=VARCHAR},
      </if>
      <if test="password != null">
        #{password,jdbcType=VARCHAR},
      </if>
      <if test="salt != null">
        #{salt,jdbcType=VARCHAR},
      </if>
      <if test="telphone != null">
        #{telphone,jdbcType=VARCHAR},
      </if>
      <if test="age != null">
        #{age,jdbcType=INTEGER},
      </if>
      <if test="gender != null">
        #{gender,jdbcType=VARCHAR},
      </if>
      <if test="registerMode != null">
        #{registerMode,jdbcType=VARCHAR},
      </if>
      <if test="thirdPartyId != null">
        #{thirdPartyId,jdbcType=VARCHAR},
      </if>
    </trim>
  </insert>
  <update id="updateByPrimaryKeySelective" parameterType="com.tmall.springboottmall.pojo.SysUser">
    update sys_user
    <set>
      <if test="userName != null">
        user_name = #{userName,jdbcType=VARCHAR},
      </if>
      <if test="password != null">
        password = #{password,jdbcType=VARCHAR},
      </if>
      <if test="salt != null">
        salt = #{salt,jdbcType=VARCHAR},
      </if>
      <if test="telphone != null">
        telphone = #{telphone,jdbcType=VARCHAR},
      </if>
      <if test="age != null">
        age = #{age,jdbcType=INTEGER},
      </if>
      <if test="gender != null">
        gender = #{gender,jdbcType=VARCHAR},
      </if>
      <if test="registerMode != null">
        register_mode = #{registerMode,jdbcType=VARCHAR},
      </if>
      <if test="thirdPartyId != null">
        third_party_id = #{thirdPartyId,jdbcType=VARCHAR},
      </if>
    </set>
    where id = #{id,jdbcType=INTEGER}
  </update>
  <update id="updateByPrimaryKey" parameterType="com.tmall.springboottmall.pojo.SysUser">
    update sys_user
    set user_name = #{userName,jdbcType=VARCHAR},
      password = #{password,jdbcType=VARCHAR},
      salt = #{salt,jdbcType=VARCHAR},
      telphone = #{telphone,jdbcType=VARCHAR},
      age = #{age,jdbcType=INTEGER},
      gender = #{gender,jdbcType=VARCHAR},
      register_mode = #{registerMode,jdbcType=VARCHAR},
      third_party_id = #{thirdPartyId,jdbcType=VARCHAR}
    where id = #{id,jdbcType=INTEGER}
  </update>
</mapper>