<?xml version="1.0" encoding="UTF-8"?>
<!DOCTYPE generatorConfiguration
		PUBLIC "-//mybatis.org//DTD MyBatis Generator Configuration 1.0//EN"
		"http://mybatis.org/dtd/mybatis-generator-config_1_0.dtd"  >
<generatorConfiguration>

	<context id="DB2Tables" targetRuntime="MyBatis3">
		<!-- 1、不生成注释 -->
		<commentGenerator>
			<property name="suppressAllComments" value="true" />
		</commentGenerator>
		<!--2、 配置数据库连接 -->
		<jdbcConnection driverClass="com.mysql.jdbc.Driver"
			connectionURL="jdbc:mysql://localhost:3306/zgdb" userId="root"
			password="root123">
		</jdbcConnection>

		<javaTypeResolver>
			<property name="forceBigDecimals" value="false" />
		</javaTypeResolver>

		<!-- 3、指定javaBean生成的位置 -->
		<javaModelGenerator targetPackage="com.tmall.springboottmall.pojo"
			targetProject=".\src\main\java">
			<property name="enableSubPackages" value="true" />
			<property name="trimStrings" value="true" />
		</javaModelGenerator>

		<!--4、指定sql映射文件生成的位置 -->
		<sqlMapGenerator targetPackage="mapper" targetProject=".\src\main\resources">
			<property name="enableSubPackages" value="true" />
		</sqlMapGenerator>

		<!-- 5、指定dao接口生成的位置，mapper接口 -->
		<javaClientGenerator type="XMLMAPPER"
			targetPackage="com.tmall.springboottmall.dao" targetProject=".\src\main\java">
			<property name="enableSubPackages" value="true" />
		</javaClientGenerator>

		<!-- 6、table指定每个表的生成策略，tableName数据库表名，domainObjectName生成bean的名字 -->
		<table tableName="sys_user" domainObjectName="SysUser" 
 enableCountByExample="false"
enableUpdateByExample="false"
enableSelectByExample="false"
enableDeleteByExample="false"
selectByExampleQueryId="false"></table>
		
	</context>
</generatorConfiguration>


